{"initial_reset_timestamp": 1570677659.7002218, "timestamps": [1570677663.7838764], "episode_lengths": [2453], "episode_rewards": [12.0], "episode_types": ["t"]}