{"initial_reset_timestamp": 1570570612.2782116, "timestamps": [1570570615.5282173], "episode_lengths": [1855], "episode_rewards": [-13.0], "episode_types": ["t"]}