{"initial_reset_timestamp": 1570662506.0631945, "timestamps": [1570662509.559199], "episode_lengths": [2055], "episode_rewards": [20.0], "episode_types": ["t"]}