{"initial_reset_timestamp": 1568863488.334402, "timestamps": [1568863489.237493], "episode_lengths": [117], "episode_rewards": [-116.37105381703401], "episode_types": ["t"]}