{"initial_reset_timestamp": 1570033621.6882107, "timestamps": [1570033624.8838344], "episode_lengths": [447], "episode_rewards": [90.9978342111241], "episode_types": ["t"]}